{
  "categories_list": {
    "featured": [
      "/granola-tradicional?Granola tradicional",
      "/granola-salgada?Granola Salgada",
      "/kits?Kits"
    ],
    "random": 0,
    "full_width": false
  },
  "menu_all_departments": false,
  "centralized_logo": false,
  "marketing_stripe": {
    "text": "Aproveite: frete grátis em todo o site por tempo limitado!",
    "link": ""
  },
  "alphabetical_order_submenu": false,
  "name_all_departments": "",
  "search_input": false,
  "desktop_megamenu": true,
  "full_width_submenu": false,
  "contacts_stripe": {
    "pages": [],
    "phone_wpp": false,
    "socials": false
  }
}